permalink,title,meta-description,meta-keywords,h1,h2,h3,nagivation,template,css
index,Learn how to use Entity Framework Bulk Insert with Tutorials & Examples for Code First & Database First.,Learn how to use Entity Framework Bulk Insert with Tutorials & Examples for Code First & Database First.,,,,,,container-none,section-article
/404.html,Page Moved,Page Moved,,Page Moved,,,,container-none,section-article
download,Download,Download,,Download,,no,,container-page,section-article
pricing,Purchase,Purchase,,Purchase,,no,,container-page,section-article
contact-us,Contact Us,Contact Us,,Contact Us,,no,,container-page,section-article
tutorials,Tutorials,Tutorials,,Tutorials,,,,container-page,section-article
overview,Overview,Overview,,Overview,,,,container-doc,section-article
requirements,Requirements,Requirements,,Requirements,,,,container-doc,section-article
installing,Installing,Installing,,Installing,,,,container-doc,section-article
upgrading,Upgrading,Upgrading,,Upgrading,,,,container-doc,section-article
licensing,Licensing,Licensing,,Licensing,,,,container-doc,section-article
tutorial-batch-operations,Batch Operations,Batch Operations,,Batch Operations,,,,container-doc,section-article
tutorial-linq,LINQ,LINQ,,LINQ,,,,container-doc,section-article
tutorial-query,Query,Query,,Query,,,,container-doc,section-article
tutorial-audit,Audit,Audit,,Audit,,,,container-doc,section-article
api,API,API,,API,,,,container-doc,section-article
audit,Audit,Audit,,Audit,,,,container-doc,section-article
batch-update,Batch Update,Batch Update,,Batch Update,,,,container-doc,section-article
batch-delete,Batch Delete,Batch Delete,,Batch Delete,,,,container-doc,section-article
linq-dynamic,LINQ Dynamic,LINQ Dynamic,,LINQ Dynamic,,,,container-doc,section-article
query-cache,Query Cache,Query Cache,,Query Cache,,,,container-doc,section-article
query-deferred,Query Deferred,Query Deferred,,Query Deferred,,,,container-doc,section-article
query-db-set-filter,Query DbSetFilter,Query DbSetFilter,,Query DbSetFilter,,,,container-doc,section-article
query-filter,Query Filter,Query Filter,,Query Filter,,,,container-doc,section-article
query-future,Query Future,Query Future,,Query Future,,,,container-doc,section-article
query-include-filter,Query IncludeFilter,Query IncludeFilter,,Query IncludeFilter,,,,container-doc,section-article
query-include-optimized,Query IncludeOptimized,Query IncludeOptimized,,Query IncludeOptimized,,,,container-doc,section-article
faq,FAQ,FAQ,,FAQ,,,,container-page,section-article
issue-tracker,Issue Tracker,Issue Tracker,,Issue Tracker,,,,container-page,section-article
faq-general,FAQ - General,FAQ - General,,FAQ - General,,,,container-page,section-article
faq-installation,FAQ - Installation,FAQ - Installation,,FAQ - Installation,,,,container-page,section-article
faq-license,FAQ - License,FAQ - License,,FAQ - License,,,,container-page,section-article
problems,Problems,Problems,,Problems,,,,container-page,section-article
